{
  "tag": "mt_k1",
  "policy_path": "results/phase6_mt_k1_policy.pt",
  "induction": {
    "policy_mean_rmax": 3.40787787437439,
    "oracle_mean_best": 3.4020962715148926,
    "policy_top_picks": [
      [
        22,
        20
      ],
      [
        30,
        20
      ],
      [
        74,
        20
      ],
      [
        9,
        20
      ],
      [
        0,
        20
      ],
      [
        65,
        20
      ],
      [
        14,
        20
      ],
      [
        27,
        20
      ],
      [
        86,
        20
      ],
      [
        132,
        20
      ]
    ],
    "policy_top_rmax_actions": [
      [
        22,
        15
      ],
      [
        9,
        5
      ]
    ],
    "oracle_top10_by_mean": [
      22,
      9,
      65,
      7,
      36,
      10,
      132,
      27,
      14,
      30
    ],
    "canonical_set": [
      [
        5,
        5
      ],
      [
        7,
        2
      ],
      [
        7,
        10
      ],
      [
        6,
        9
      ],
      [
        5,
        1
      ]
    ],
    "overlap_policy_top5": 0,
    "overlap_policy_top10": 2,
    "overlap_oracle_top5": 1,
    "overlap_oracle_top10": 1,
    "n_canonical": 5,
    "canonical_ranks_policy": {
      "L5.H5": 6,
      "L7.H2": 9,
      "L7.H10": 145,
      "L6.H9": 145,
      "L5.H1": 145
    },
    "canonical_ranks_oracle": {
      "L5.H5": 3,
      "L7.H2": 27,
      "L7.H10": 129,
      "L6.H9": 15,
      "L5.H1": 130
    }
  },
  "ioi": {
    "policy_mean_rmax": 2.9759368523955345,
    "oracle_mean_best": 2.9479122400283813,
    "policy_top_picks": [
      [
        106,
        20
      ],
      [
        9,
        20
      ],
      [
        93,
        20
      ],
      [
        102,
        20
      ],
      [
        15,
        20
      ],
      [
        46,
        20
      ],
      [
        20,
        20
      ],
      [
        126,
        20
      ],
      [
        69,
        20
      ],
      [
        65,
        20
      ]
    ],
    "policy_top_rmax_actions": [
      [
        9,
        20
      ]
    ],
    "oracle_top10_by_mean": [
      9,
      102,
      106,
      69,
      15,
      93,
      132,
      65,
      126,
      35
    ],
    "canonical_set": [
      [
        0,
        1
      ],
      [
        11,
        10
      ],
      [
        0,
        10
      ],
      [
        7,
        3
      ],
      [
        7,
        9
      ],
      [
        11,
        2
      ],
      [
        10,
        0
      ],
      [
        10,
        6
      ],
      [
        8,
        6
      ],
      [
        2,
        2
      ],
      [
        9,
        0
      ],
      [
        5,
        5
      ],
      [
        9,
        9
      ],
      [
        6,
        9
      ],
      [
        5,
        8
      ],
      [
        9,
        6
      ],
      [
        8,
        10
      ],
      [
        10,
        7
      ],
      [
        10,
        1
      ],
      [
        11,
        9
      ],
      [
        3,
        0
      ],
      [
        10,
        10
      ],
      [
        5,
        9
      ],
      [
        4,
        11
      ],
      [
        9,
        7
      ],
      [
        10,
        2
      ]
    ],
    "overlap_policy_top5": 3,
    "overlap_policy_top10": 6,
    "overlap_oracle_top5": 3,
    "overlap_oracle_top10": 6,
    "n_canonical": 26,
    "canonical_ranks_policy": {
      "L0.H1": 145,
      "L11.H10": 145,
      "L0.H10": 145,
      "L7.H3": 145,
      "L7.H9": 3,
      "L11.H2": 145,
      "L10.H0": 145,
      "L10.H6": 8,
      "L8.H6": 4,
      "L2.H2": 145,
      "L9.H0": 145,
      "L5.H5": 10,
      "L9.H9": 145,
      "L6.H9": 145,
      "L5.H8": 145,
      "L9.H6": 145,
      "L8.H10": 1,
      "L10.H7": 145,
      "L10.H1": 145,
      "L11.H9": 145,
      "L3.H0": 145,
      "L10.H10": 145,
      "L5.H9": 9,
      "L4.H11": 145,
      "L9.H7": 145,
      "L10.H2": 145
    },
    "canonical_ranks_oracle": {
      "L0.H1": 140,
      "L11.H10": 142,
      "L0.H10": 141,
      "L7.H3": 28,
      "L7.H9": 6,
      "L11.H2": 135,
      "L10.H0": 15,
      "L10.H6": 9,
      "L8.H6": 2,
      "L2.H2": 123,
      "L9.H0": 94,
      "L5.H5": 8,
      "L9.H9": 16,
      "L6.H9": 12,
      "L5.H8": 24,
      "L9.H6": 138,
      "L8.H10": 3,
      "L10.H7": 144,
      "L10.H1": 102,
      "L11.H9": 113,
      "L3.H0": 13,
      "L10.H10": 40,
      "L5.H9": 4,
      "L4.H11": 36,
      "L9.H7": 14,
      "L10.H2": 54
    },
    "ioi_subcat_overlap_policy": {
      "name_movers": 0,
      "negative_NMs": 0,
      "s_inhibition": 3,
      "backup_NMs": 1,
      "induction_in_ioi": 2,
      "duplicate_token": 0,
      "previous_token": 0
    }
  },
  "docstring": {
    "policy_mean_rmax": 2.194808892905712,
    "oracle_mean_best": 2.1983403086662294,
    "policy_top_picks": [
      [
        7,
        20
      ],
      [
        22,
        20
      ],
      [
        14,
        20
      ],
      [
        74,
        20
      ],
      [
        27,
        20
      ],
      [
        9,
        20
      ],
      [
        78,
        20
      ],
      [
        36,
        20
      ],
      [
        132,
        20
      ],
      [
        10,
        20
      ]
    ],
    "policy_top_rmax_actions": [
      [
        10,
        20
      ]
    ],
    "oracle_top10_by_mean": [
      10,
      1,
      106,
      35,
      69,
      14,
      65,
      95,
      36,
      91
    ],
    "canonical_set": [],
    "overlap_policy_top5": 0,
    "overlap_policy_top10": 0,
    "overlap_oracle_top5": 0,
    "overlap_oracle_top10": 0,
    "n_canonical": 0,
    "canonical_ranks_policy": {},
    "canonical_ranks_oracle": {}
  }
}