{
  "tag": "mt_k1",
  "n_episodes": 30,
  "policy_path": "results/phase6_mt_k1_policy.pt",
  "random": {
    "mean_rmax": 1.3953814377387366,
    "discovery_curve_mean": [
      0.14380642771720886,
      0.2873522937297821,
      0.35296013951301575,
      0.36374667286872864,
      0.38994333148002625,
      0.40278658270835876,
      0.4943222105503082,
      0.5058730840682983,
      0.5058730840682983,
      0.5783081650733948,
      0.5794397592544556,
      0.5986965298652649,
      0.5986965298652649,
      0.5986965298652649,
      0.6283541321754456,
      0.7085235118865967,
      0.7697761058807373,
      0.8020831942558289,
      0.8070675134658813,
      0.8288745880126953,
      0.8406538367271423,
      0.8415428400039673,
      0.8822232484817505,
      0.8904436826705933,
      0.8904436826705933,
      0.9052486419677734,
      0.9055385589599609,
      0.9110460877418518,
      0.9110460877418518,
      0.9122639894485474,
      0.963537871837616,
      0.9884657263755798,
      0.9899938106536865,
      0.9899938106536865,
      0.9961784482002258,
      1.0603187084197998,
      1.0689955949783325,
      1.1220017671585083,
      1.1220017671585083,
      1.1301313638687134,
      1.2067686319351196,
      1.2392107248306274,
      1.2404958009719849,
      1.2558599710464478,
      1.2558599710464478,
      1.2558599710464478,
      1.287994146347046,
      1.3946164846420288,
      1.3953813314437866,
      1.3953813314437866
    ],
    "steps_to_within_90pct_of_final": 28.766666666666666
  },
  "unknown": {
    "mean_rmax": 1.4672092785437902,
    "per_episode_rmax": [
      1.099197506904602,
      0.8420271873474121,
      2.3332203030586243,
      2.1630479991436005,
      2.1538733541965485,
      0.8913414478302002,
      2.3284108638763428,
      0.9414546489715576,
      2.2983690798282623,
      0.8541665077209473,
      0.7879297733306885,
      0.8531688451766968,
      1.0142805576324463,
      1.118469476699829,
      0.9953932762145996,
      2.330060839653015,
      2.1044382452964783,
      1.124756097793579,
      1.063155174255371,
      1.1577324867248535,
      0.9698271751403809,
      1.0724420547485352,
      2.4934682846069336,
      0.9793694019317627,
      2.079237639904022,
      0.9830591678619385,
      1.1373186111450195,
      0.9649348258972168,
      2.562901258468628,
      2.3192262649536133
    ],
    "rmax_actions": [
      [
        10,
        11
      ],
      [
        106,
        10
      ],
      [
        69,
        5
      ],
      [
        35,
        3
      ],
      [
        65,
        1
      ]
    ],
    "pick_top10": [
      [
        132,
        30
      ],
      [
        9,
        30
      ],
      [
        30,
        30
      ],
      [
        74,
        30
      ],
      [
        36,
        30
      ],
      [
        27,
        30
      ],
      [
        65,
        30
      ],
      [
        126,
        30
      ],
      [
        13,
        30
      ],
      [
        81,
        29
      ]
    ],
    "discovery_curve_mean": [
      0.10098232328891754,
      0.3036390244960785,
      0.3239741623401642,
      0.4471329152584076,
      0.5005828142166138,
      0.5638072490692139,
      0.5916185975074768,
      0.6293048858642578,
      0.6599109768867493,
      0.7292047142982483,
      0.779831051826477,
      0.7995842099189758,
      0.8422205448150635,
      0.8831606507301331,
      0.9119032621383667,
      0.9893968105316162,
      0.9992932677268982,
      0.9992932677268982,
      1.098020315170288,
      1.098020315170288,
      1.105049967765808,
      1.1103246212005615,
      1.1395527124404907,
      1.1395527124404907,
      1.181820034980774,
      1.181820034980774,
      1.1854424476623535,
      1.1854424476623535,
      1.2434203624725342,
      1.2450624704360962,
      1.24527907371521,
      1.24527907371521,
      1.2950774431228638,
      1.2950774431228638,
      1.3041114807128906,
      1.315066933631897,
      1.315066933631897,
      1.3207383155822754,
      1.3628902435302734,
      1.4131481647491455,
      1.4131481647491455,
      1.455029010772705,
      1.4672092199325562,
      1.4672092199325562,
      1.4672092199325562,
      1.4672092199325562,
      1.4672092199325562,
      1.4672092199325562,
      1.4672092199325562,
      1.4672092199325562
    ],
    "steps_to_within_90pct_of_final": 21.666666666666668
  },
  "pretend_induction": {
    "mean_rmax": 2.178311160206795,
    "per_episode_rmax": [
      1.998801052570343,
      2.022407650947571,
      2.3332203030586243,
      2.1630479991436005,
      2.1538733541965485,
      1.8388961851596832,
      0.8141229152679443,
      2.4920145869255066,
      2.2983690798282623,
      2.3543620109558105,
      2.0869821906089783,
      2.3356937766075134,
      1.9818911850452423,
      1.8819544315338135,
      2.347625970840454,
      2.330060839653015,
      2.1044382452964783,
      2.5527493357658386,
      1.9857659339904785,
      2.305612862110138,
      2.3497273325920105,
      2.3213250041007996,
      2.4934682846069336,
      2.315938413143158,
      2.079237639904022,
      1.9958231151103973,
      2.391929179430008,
      2.1378684043884277,
      2.562901258468628,
      2.3192262649536133
    ],
    "rmax_actions": [
      [
        10,
        29
      ],
      [
        35,
        1
      ]
    ],
    "pick_top10": [
      [
        22,
        30
      ],
      [
        7,
        30
      ],
      [
        90,
        30
      ],
      [
        14,
        30
      ],
      [
        9,
        30
      ],
      [
        30,
        30
      ],
      [
        78,
        30
      ],
      [
        0,
        30
      ],
      [
        27,
        30
      ],
      [
        74,
        30
      ]
    ],
    "discovery_curve_mean": [
      0.025848913937807083,
      0.1499050408601761,
      0.23485569655895233,
      0.3617027997970581,
      0.5093594789505005,
      0.5739243626594543,
      0.6386759877204895,
      0.8238593339920044,
      0.8243482708930969,
      0.887931227684021,
      1.2124602794647217,
      1.2508653402328491,
      1.2577589750289917,
      1.284423828125,
      1.3264095783233643,
      1.3264095783233643,
      1.3264095783233643,
      1.3271392583847046,
      1.4503666162490845,
      1.565902829170227,
      1.6235791444778442,
      1.6235791444778442,
      1.7187875509262085,
      1.7265084981918335,
      1.7889407873153687,
      1.878651738166809,
      1.878651738166809,
      2.021810293197632,
      2.021810293197632,
      2.0555691719055176,
      2.0555691719055176,
      2.0555691719055176,
      2.0555691719055176,
      2.0555691719055176,
      2.0555691719055176,
      2.0555691719055176,
      2.0555691719055176,
      2.0555691719055176,
      2.0555691719055176,
      2.0555691719055176,
      2.0555691719055176,
      2.086322784423828,
      2.086322784423828,
      2.086322784423828,
      2.1762075424194336,
      2.1762075424194336,
      2.178311347961426,
      2.178311347961426,
      2.178311347961426,
      2.178311347961426
    ],
    "steps_to_within_90pct_of_final": 19.6
  },
  "pretend_ioi": {
    "mean_rmax": 1.0569344808657963,