{
  "tag": "mt_k5",
  "n_episodes": 30,
  "policy_path": "results/phase6_mt_k5_policy.pt",
  "random": {
    "mean_rmax": 1.3953814377387366,
    "discovery_curve_mean": [
      0.14380642771720886,
      0.2873522937297821,
      0.35296013951301575,
      0.36374667286872864,
      0.38994333148002625,
      0.40278658270835876,
      0.4943222105503082,
      0.5058730840682983,
      0.5058730840682983,
      0.5783081650733948,
      0.5794397592544556,
      0.5986965298652649,
      0.5986965298652649,
      0.5986965298652649,
      0.6283541321754456,
      0.7085235118865967,
      0.7697761058807373,
      0.8020831942558289,
      0.8070675134658813,
      0.8288745880126953,
      0.8406538367271423,
      0.8415428400039673,
      0.8822232484817505,
      0.8904436826705933,
      0.8904436826705933,
      0.9052486419677734,
      0.9055385589599609,
      0.9110460877418518,
      0.9110460877418518,
      0.9122639894485474,
      0.963537871837616,
      0.9884657263755798,
      0.9899938106536865,
      0.9899938106536865,
      0.9961784482002258,
      1.0603187084197998,
      1.0689955949783325,
      1.1220017671585083,
      1.1220017671585083,
      1.1301313638687134,
      1.2067686319351196,
      1.2392107248306274,
      1.2404958009719849,
      1.2558599710464478,
      1.2558599710464478,
      1.2558599710464478,
      1.287994146347046,
      1.3946164846420288,
      1.3953813314437866,
      1.3953813314437866
    ],
    "steps_to_within_90pct_of_final": 28.766666666666666
  },
  "unknown": {
    "mean_rmax": 2.103146000703176,
    "per_episode_rmax": [
      1.998801052570343,
      0.8420271873474121,
      2.3332203030586243,
      1.013447880744934,
      2.1538733541965485,
      1.8388961851596832,
      2.3284108638763428,
      2.4920145869255066,
      2.2983690798282623,
      2.3543620109558105,
      2.0869821906089783,
      2.3356937766075134,
      1.9818911850452423,
      1.8819544315338135,
      2.347625970840454,
      2.330060839653015,
      2.1044382452964783,
      2.5527493357658386,
      1.9857659339904785,
      2.305612862110138,
      2.3497273325920105,
      2.3213250041007996,
      1.054206132888794,
      2.315938413143158,
      2.079237639904022,
      1.9958231151103973,
      2.391929179430008,
      2.1378684043884277,
      2.562901258468628,
      2.3192262649536133
    ],
    "rmax_actions": [
      [
        10,
        27
      ],
      [
        35,
        1
      ],
      [
        106,
        1
      ],
      [
        69,
        1
      ]
    ],
    "pick_top10": [
      [
        9,
        30
      ],
      [
        36,
        30
      ],
      [
        65,
        30
      ],
      [
        132,
        30
      ],
      [
        27,
        29
      ],
      [
        13,
        28
      ],
      [
        59,
        28
      ],
      [
        7,
        27
      ],
      [
        10,
        27
      ],
      [
        30,
        27
      ]
    ],
    "discovery_curve_mean": [
      -0.023700658231973648,
      0.17422039806842804,
      0.3259250521659851,
      0.5052434206008911,
      0.5509653091430664,
      0.7642622590065002,
      0.9651603698730469,
      0.9651603698730469,
      1.1752545833587646,
      1.2347538471221924,
      1.3087674379348755,
      1.3649946451187134,
      1.4372469186782837,
      1.4382573366165161,
      1.4979897737503052,
      1.5429322719573975,
      1.6072074174880981,
      1.7448883056640625,
      1.8465092182159424,
      1.8465092182159424,
      1.8465092182159424,
      1.8859790563583374,
      1.9181132316589355,
      1.9625853300094604,
      1.9625853300094604,
      2.0194647312164307,
      2.0194647312164307,
      2.024096727371216,
      2.0725672245025635,
      2.0725672245025635,
      2.0725672245025635,
      2.1031460762023926,
      2.1031460762023926,
      2.1031460762023926,
      2.1031460762023926,
      2.1031460762023926,
      2.1031460762023926,
      2.1031460762023926,
      2.1031460762023926,
      2.1031460762023926,
      2.1031460762023926,
      2.1031460762023926,
      2.1031460762023926,
      2.1031460762023926,
      2.1031460762023926,
      2.1031460762023926,
      2.1031460762023926,
      2.1031460762023926,
      2.1031460762023926,
      2.1031460762023926
    ],
    "steps_to_within_90pct_of_final": 14.833333333333334
  },
  "pretend_induction": {
    "mean_rmax": 2.228787425160408,
    "per_episode_rmax": [
      1.998801052570343,
      2.022407650947571,
      2.3332203030586243,
      2.1630479991436005,
      2.1538733541965485,
      1.8388961851596832,
      2.3284108638763428,
      2.4920145869255066,
      2.2983690798282623,
      2.3543620109558105,
      2.0869821906089783,
      2.3356937766075134,
      1.9818911850452423,
      1.8819544315338135,
      2.347625970840454,
      2.330060839653015,
      2.1044382452964783,
      2.5527493357658386,
      1.9857659339904785,
      2.305612862110138,
      2.3497273325920105,
      2.3213250041007996,
      2.4934682846069336,
      2.315938413143158,
      2.079237639904022,
      1.9958231151103973,
      2.391929179430008,
      2.1378684043884277,
      2.562901258468628,
      2.3192262649536133
    ],
    "rmax_actions": [
      [
        10,
        30
      ]
    ],
    "pick_top10": [
      [
        22,
        30
      ],
      [
        6,
        30
      ],
      [
        65,
        30
      ],
      [
        9,
        30
      ],
      [
        10,
        30
      ],
      [
        36,
        30
      ],
      [
        7,
        30
      ],
      [
        33,
        30
      ],
      [
        59,
        30
      ],
      [
        132,
        30
      ]
    ],
    "discovery_curve_mean": [
      -0.27631282806396484,
      -0.04134422168135643,
      0.24614696204662323,
      0.41061660647392273,
      0.6725777983665466,
      0.8928844928741455,
      1.0198599100112915,
      1.150091290473938,
      1.3027640581130981,
      1.4116603136062622,
      1.7662793397903442,
      1.7662793397903442,
      1.8889347314834595,
      1.9375975131988525,
      2.1078617572784424,
      2.1078617572784424,
      2.1078617572784424,
      2.1078617572784424,
      2.186382532119751,
      2.186382532119751,
      2.186382532119751,
      2.186382532119751,
      2.186382532119751,
      2.186382532119751,
      2.186382532119751,
      2.228787422180176,
      2.228787422180176,
      2.228787422180176,
      2.228787422180176,
      2.228787422180176,
      2.228787422180176,
      2.228787422180176,
      2.228787422180176,
      2.228787422180176,
      2.228787422180176,
      2.228787422180176,
      2.228787422180176,
      2.228787422180176,
      2.228787422180176,
      2.228787422180176,
      2.228787422180176,
      2.228787422180176,
      2.228787422180176,
      2.228787422180176,
      2.228787422180176,
      2.228787422180176,
      2.228787422180176,
      2.228787422180176,
      2.228787422180176,
      2.228787422180176
    ],
    "steps_to_within_90pct_of_final": 10.7
  },
  "pretend_ioi": {
    "mean_rmax": 1.6891500363747278,
    "per_episode_rmax": [
      1.099197506904602,
      2.022407650947571,
      2.3332203030586243,
      2.1630479991436005,
      0.874140739440918,
      1.8388961851596832,
      2.3284108638763428,
      0.9650018215179443,
      2.2983690798282623,
      0.8541665077209473,
      2.0869821906089783,
      2.3356937766075134,
      1.9818911850452423,
      1.8819544315338135,
      0.9953932762145996,
      1.0620393753051758,
      1.1870735883712769,
      2.5527493357658386,
      1.9857659339904785,
      1.1577324867248535,
      0.9698271751403809,
      2.3213250041007996,
      2.4934682846069336,
      2.315938413143158,
      1.0273998975753784,
      1.9958231151103973,
      1.1373186111450195,
      2.1378684043884277,
      1.2395840883255005,
      1.0318138599395752
    ],