{
  "true_top1_score": 3.317168712615967,
  "random": {
    "n_runs": 100,
    "top1_rate": 0.38,
    "median_steps_to_top1": 33.5,
    "final_running_max_mean": 2.401688575744629
  },
  "ppo": {
    "n_runs": 100,
    "top1_rate": 1.0,
    "median_steps_to_top1": 1.0,
    "final_running_max_mean": 3.317168951034546
  }
}